-- Fina --
INSERT INTO AKUN_PENGGUNA VALUES
    ('nilam.lubis','JdKt5DxeFc','penanggung jawab'),
    ('00kylee','aVT5xw2ku6','penanggung jawab'),
    ('zollyrachma96','Zvj7JmgS8E','penanggung jawab'),
    ('mhandi_','dsvj7JaagS8E','penanggung jawab'),
    ('mariarisz','dsvj7123gS8E','penanggung jawab'),
    ('ivoniffi_','m7b4yZHdED','calon pasien'),
    ('niken32','df9p5RHB4n','calon pasien'),
    ('haryanto.abdi','VVVvy781g','calon pasien'),
    ('erizalsumsel','dsvj7JaagS8E','calon pasien'),
    ('adenan.sitepu','Vsw2vDVF','calon pasien'),
    ('dummyusername','aaaaBBBBBccccc','calon pasien'),
    ('arie.chandra','HpZKJ2vDVF','admin dokter'),
    ('tommy.abwiyah','Zt5ePQdGTn','admin dokter'),
    ('senda.taberima','qpJc7gwdnj','admin dokter'),
    ('oktoni.sansti','zp2cgaWY5b','admin dokter'),
    ('luther.supriyanta','N85e7rUvht','admin dokter'),
    ('drfirmansyah','8mHkVLK2swX','admin dokter'),
    ('edi.maulizar','6Dk4PA5Mhvg','admin dokter'),
    ('frans.lubis','nF7xDp4z5Xj','admin dokter'),
    ('hckdbycororo','6pau9sMPj4w','admin satgas'),
    ('abdulrazak','Ujh8SYwrqJM','admin satgas'),
    ('pacillbisa21','gkwA7xBWXV8','admin satgas'),
    ('winter_ethan','92Fq3fAvCkN','admin satgas'),
    ('rosemary01','W5tyXFnxsvf','admin satgas'),
    ('smmrssn','VZaDX62quML','admin satgas'),
    ('pratama_eva_reni','XfEJL2krw83','admin satgas'),
    ('effendi.gultom','7qY36L9TdUz','admin satgas'),
    ('desi_ginataa','F5Ghr72cutP','admin satgas'),
    ('fasilkomlad','dnV2h9xrktP','admin satgas'),
    ('firdaus89','7VuRTEgGyrc','admin satgas'),
    ('freethesnail','e3waCUvVGJn','admin sistem');

INSERT INTO ADMIN VALUES
    ('arie.chandra'),
    ('tommy.abwiyah'),
    ('senda.taberima'),
    ('oktoni.sansti'),
    ('luther.supriyanta'),
    ('drfirmansyah'),
    ('edi.maulizar'),
    ('frans.lubis'),
    ('hckdbycororo'),
    ('abdulrazak'),
    ('pacillbisa21'),
    ('winter_ethan'),
    ('rosemary01'),
    ('smmrssn'),
    ('pratama_eva_reni'),
    ('effendi.gultom'),
    ('desi_ginataa'),
    ('fasilkomlad'),
    ('firdaus89'),
    ('freethesnail');

INSERT INTO PENGGUNA_PUBLIK VALUES
    ('nilam.lubis',3101111104910008,'Nilam Lubis','AKTIF','penanggung jawab','085812389641'),
    ('00kylee',3115122105690012,'Kyle Sitorus','AKTIF','penanggung jawab','082185612731'),
    ('zollyrachma96',5104041708661001,'Zolly Rachmasari','AKTIF','penanggung jawab','081711223948'),
    ('ivoniffi_',3210080812740211,'Ivoni Suri Meringgi','AKTIF','calon pasien','082199990901'),
    ('niken32',1102010909981105,'Niken Sadewi Iswinarni','AKTIF','calon pasien','085109738192'),
    ('haryanto.abdi',3102012452536156,'Haryanto Abdi Reza','TDK AKTIF','calon pasien','085222333444'),
    ('mhandi_',3211283091293823,'Muhammad Handi','AKTIF','penanggung jawab','085568127450'),
    ('mariarisz',3672344689412312,'Risz Maria','AKTIF','penanggung jawab','082132956562'),
    ('erizalsumsel',1655287447352341,'Erizal Akbar','AKTIF','calon pasien','082137475811'),
    ('adenan.sitepu',7372576607771001,'Adenan Sitepu','AKTIF','calon pasien','081358503357');

INSERT INTO PASIEN VALUES
    (3111202104661111,'nilam.lubis','Andri Irawan','Benda Raya','Kalideres','Kalideres','Jakarta Barat','DKI Jakarta','Benda Raya','Kalideres','Kalideres','Jakarta Barat','DKI Jakarta','02166581729','081228244857'),
    (3110200709772121,'00kylee','Ayu Isdamayanti','Tebu','Cakung Barat','Cakung','Jakata Timur','DKI Jakarta','Tebu','Cakung Barat','Cakung','Jakata Timur','DKI Jakarta','02138459667','085877972448'),
    (3101010909870002,'00kylee','Budi Winata','Tebu','Cakung Barat','Cakung','Jakata Timur','DKI Jakarta','Tebu','Cakung Barat','Cakung','Jakata Timur','DKI Jakarta','02138459667','085532785698'),
    (3101013009870009,'nilam.lubis','Dede Herdiana','Benda Raya','Kalideres','Kalideres','Jakarta Barat','DKI Jakarta','Benda Raya','Kalideres','Kalideres','Jakarta Barat','DKI Jakarta','02166581729','081994596873'),
    (5110230805770051,'zollyrachma96','Fachruddin Siregar','Baturiti Bedugul','Batunya','Baturiti','Tabanan','Bali','Benesari','Kuta','Kuta','Badung','Bali','02172726528','081255958926'),
    (5103040804030015,'zollyrachma96','Hendri Siswanto','Baturiti Bedugul','Batunya','Baturiti','Tabanan','Bali','Waspada','Bongkaran','Pabeyan','Surabaya','Jawa Timur','02133783525','083293726593'),
    (3101010909000003,'nilam.lubis','Heru Wahyudi','Benda Raya','Kalideres','Kalideres','Jakarta Barat','DKI Jakarta','Benda Raya','Kalideres','Kalideres','Jakarta Barat','DKI Jakarta','02166581729','088287782792'),
    (3210080812740211,'ivoniffi_','Ivoni Suri Meringgi','Raya Sawangan','Mampang','Pancoran Mas','Depok','Jawa Barat','Raya Sawangan','Mampang','Pancoran Mas','Depok','Jawa Barat','02198287426','082199990901'),
    (3101220900871001,'nilam.lubis','Lucas Prakoso','Benda Raya','Kalideres','Kalideres','Jakarta Barat','DKI Jakarta','Benda Raya','Kalideres','Kalideres','Jakarta Barat','DKI Jakarta','02166581729','082145620112'),
    (1102010909981105,'niken32','Niken Sadewi Iswinarni','Letnan Mubin','Gampa','Johan Pahlawan','Aceh Barat','Aceh','Melati Raya','Jatimulya','Tambun Selatan','Bekasi','Jawa Barat','02178732669','085109738192'),
    (3291126228711002,'mhandi_','Rachmadi','Margonda Raya','Pondok Cina','Beji','Depok','Jawa Barat','Margonda Raya','Pondok Cina','Beji','Depok','Jawa Barat','02137814137','085965918584'),
    (3224154119263456,'mhandi_','Faudi Fuadi','Margonda Raya','Pondok Cina','Beji','Depok','Jawa Barat','Margonda Raya','Pondok Cina','Beji','Depok','Jawa Barat','02136801470','081393946990'),
    (3284343615071287,'mhandi_','Toto Sucasto','Margonda Raya','Pondok Cina','Beji','Depok','Jawa Barat','Margonda Raya','Pondok Cina','Beji','Depok','Jawa Barat','02162424171','082275116436'),
    (3217043568559759,'mhandi_','Handayani','Margonda Raya','Pondok Cina','Beji','Depok','Jawa Barat','Margonda Raya','Pondok Cina','Beji','Depok','Jawa Barat','02152464035','082729087048'),
    (3235694879182454,'mhandi_','Erizal','Margonda Raya','Pondok Cina','Beji','Depok','Jawa Barat','Margonda Raya','Pondok Cina','Beji','Depok','Jawa Barat','02118295800','083694843450'),
    (1655287447352341,'erizalsumsel','Erizal Akbar','Raya Pendopo','Teluk Lubuk','Belimbing','Muara Enim','Sumatera Selatan','Raya Pendopo','Teluk Lubuk','Belimbing','Muara Enim','Sumatera Selatan','02179199069','081280348738'),
    (7372576607771001,'adenan.sitepu','Adenan Sitepu','Poros Palopo','Padangloang','Duapitue','Sidenreng Rappang','Sulawesi Selatan','Poros Palopo','Padangloang','Duapitue','Sidenreng Rappang','Sulawesi Selatan','02120230079','081279137565'),
    (3390304559381002,'mariarisz','Eko Bambang Masrudi','Yos Sudarso','Kauman','Serengan','Surakarta','Jawa Tengah','Yos Sudarso','Kauman','Serengan','Surakarta','Jawa Tengah','02130297376','085835018333'),
    (3132641005262222,'mariarisz','M. Syahrial Reza','Kramat Bunder','Kramat','Senen','Jakarta Pusat','DKI Jakarta','Kramat Bunder','Kramat','Senen','Jakarta Pusat','DKI Jakarta','02193279348','085817432793'),
    (3191645197734435,'mariarisz','Deasy Diah','Cipete Raya','Cipete Selatan','Cilandak','Jakarta Selatan','DKI Jakarta','Cipete Raya','Cipete Selatan','Cilandak','Jakarta Selatan','DKI Jakarta','02158139343','085847204007'),
    (3688115074487853,'mariarisz','Feby Andrian Susanti','Siloam','Bencongan','Kelapa Dua','Tangerang','Banten','Siloam','Bencongan','Kelapa Dua','Tangerang','Banten','02182733858','081276694498');

INSERT INTO KOMORBID_PASIEN VALUES
    (3111202104661111,'Hipertensi, Asma, Obesitas'),
    (3110200709772121,'Diabetes Mellitus, Hipertensi'),
    (3101010909870002,'Tuberkulosis'),
    (3101013009870009,'PGK, Hipertensi'),
    (5110230805770051,'Gagal jantung'),
    (5103040804030015,'Asma'),
    (3101010909000003,'Tuberkulosis, Obesitas'),
    (3210080812740211,'Hipertensi'),
    (3101220900871001,'Obesitas, Hipertensi'),
    (1102010909981105,'Hipertensi'),
    (3291126228711002,'Hipertensi'),
    (3224154119263456,'Hipertensi'),
    (3284343615071287,'Hipertensi'),
    (3217043568559759,'Hipertensi'),
    (3235694879182454,'Obesitas'),
    (1655287447352341,'Pneumonia'),
    (7372576607771001,'Diabetes, Tiroid'),
    (3390304559381002,'TBC, Asma'),
    (3132641005262222,'Diabetes, Hipertensi'),
    (3191645197734435,'Gagal ginjal'),
    (3688115074487853,'Hipertensi');

INSERT INTO GEJALA_PASIEN VALUES
    (3111202104661111,'Demam, Sesak napas, Anosmia'),
    (3110200709772121,'Diare, Ruam, Sesak napas'),
    (3101010909870002,'Batuk, Sesak napas'),
    (3101013009870009,'Demam, Sesak napas'),
    (5110230805770051,'Nyeri otot, Batuk'),
    (5103040804030015,'Anosmia, Kelelahan'),
    (3101010909000003,'Anosmia'),
    (3210080812740211,'Anosmia'),
    (3101220900871001,'Demam, Batuk'),
    (1102010909981105,'Batuk'),
    (3291126228711002,'Anosmia, Diare'),
    (3224154119263456,'Anosmia'),
    (3284343615071287,'Anosmia'),
    (3217043568559759,'Anosmia, Batuk'),
    (3235694879182454,'Batuk'),
    (1655287447352341,'Anosmia, Batuk'),
    (7372576607771001,'Nyeri sendi'),
    (3390304559381002,'Kelelahan'),
    (3132641005262222,'Sesak napas, ruam'),
    (3191645197734435,'Demam, Anosmia'),
    (3688115074487853,'Batuk');

INSERT INTO TES VALUES
    (3111202104661111,'2020-05-01 00:00:00','PCR','Reaktif',16.41),
    (3110200709772121,'2020-04-30 00:00:00','PCR','Reaktif',23.77),
    (3101010909870002,'2020-05-05 00:00:00','PCR','Reaktif',29.34),
    (3101013009870009,'2020-05-11 00:00:00','PCR','Non-Reaktif',38.21),
    (5110230805770051,'2020-04-29 00:00:00','PCR','Reaktif',31.12),
    (5103040804030015,'2020-04-28 00:00:00','Antigen','Reaktif',NULL),
    (3101010909000003,'2020-04-30 00:00:00','Antigen','Reaktif',NULL),
    (3210080812740211,'2020-05-01 00:00:00','Antigen','Non-Reaktif',NULL),
    (3101220900871001,'2020-05-04 00:00:00','PCR','Non-Reaktif',35.88),
    (1102010909981105,'2020-04-22 00:00:00','PCR','Reaktif',12.22),
    (3291126228711002,'2020-05-13 00:00:00','PCR','Reaktif',16.74),
    (3224154119263456,'2020-05-13 00:00:00','PCR','Reaktif',16.73),
    (3284343615071287,'2020-05-13 00:00:00','PCR','Reaktif',10.92),
    (3217043568559759,'2020-05-13 00:00:00','PCR','Reaktif',29.99),
    (3235694879182454,'2020-05-13 00:00:00','PCR','Reaktif',20.12),
    (1655287447352341,'2020-05-14 00:00:00','Antigen','Reaktif',NULL),
    (7372576607771001,'2020-05-14 00:00:00','Antigen','Reaktif',NULL),
    (3390304559381002,'2020-05-14 00:00:00','Antigen','Reaktif',NULL),
    (3132641005262222,'2020-05-14 00:00:00','Antigen','Reaktif',NULL),
    (3191645197734435,'2020-05-14 00:00:00','Antigen','Reaktif',NULL),
    (3688115074487853,'2020-05-14 00:00:00','Antigen','Reaktif',NULL);

INSERT INTO DOKTER VALUES
    ('arie.chandra',1201221989217556,'Arie Chandra Dinatan','081168576996','Prof. dr.','Sp.JP(K)'),
    ('tommy.abwiyah',1972949637277736,'Tommy Abwiyah','085195454842','Prof. dr.','Ph.D, Sp.P'),
    ('senda.taberima',3244387732826959,'Senda Taberima','082385358653','dr.','Sp.P'),
    ('oktoni.sansti',2186732252786564,'Oktoni Sangsti','085235542565','Dr. dr.','Sp.PD(K)'),
    ('luther.supriyanta',1265496728966323,'Luther Tandi Supriyatna','081226465233','dr.','Sp.P'),
    ('drfirmansyah',1156114931801123,'Firmansyah','081261742582','dr.','Sp.P(K)'),
    ('edi.maulizar',1154783229792342,'Edi Maulizar','081213567086','dr.','Sp.P'),
    ('frans.lubis',1164277853102324,'Frans Syukur Lubis','081259571082','dr.','Sp.JP');

INSERT INTO FASKES VALUES
    ('A1','Rumah Sakit','RSUD Cengkareng','Daerah','Kamal Raya','Cengkareng Timur','Cengkareng','Jakarta Barat','DKI Jakarta'),
    ('B1','Rumah Sakit','Siloam Hospitals Surabaya','Swasta','Raya Gubeng No.70','Gubeng','Gubeng','Surabaya','Jawa Timur'),
    ('A2','Rumah Sakit','RSUP Fatmawati','Pusat','RS. Fatmawati Raya No.4','Cilandak Barat','Cilandak','Jakarta Selatan','DKI Jakarta'),
    ('C1','Rumah Sakit','RSU Bali Jimbaran','Pusat','Raya Kampus Unud No.52','Jimbaran','Kuta Selatan','Badung','Bali'),
    ('D1','Rumah Sakit','RSUD Depok Timur','Daerah','Raya Tapos','Cimpaeun','Tapos','Depok','Jawa Barat'),
    ('B2','Puskesmas','Puskesmas Lontar Surabaya','Daerah','Raya Lontar No.26','Lontar','Sambikerep','Surabaya','Jawa Timur'),
    ('C2','Klinik','Medical Plus Bali','Swasta','Mertanadi No.44 B','Kerobokan Kelod','Kuta Utara','Badung','Bali');

INSERT INTO JADWAL VALUES
    ('A1','12.00-18.00','2020-05-16 00:00:00'),
    ('A2','06.00-12.00','2020-05-15 00:00:00'),
    ('A1','06.00-12.00','2020-05-16 00:00:00'),
    ('D1','12.00-18.00','2020-05-17 00:00:00'),
    ('C1','18.00-24.00','2020-05-17 00:00:00'),
    ('C2','00.00-06.00','2020-05-18 00:00:00'),
    ('C2','00.00-06.00','2020-05-15 00:00:00'),
    ('B1','12.00-18.00','2020-05-16 00:00:00'),
    ('B1','18.00-24.00','2020-05-15 00:00:00'),
    ('B2','06.00-12.00','2020-05-16 00:00:00');

-- Gabriel --


---- Iqbal ----
INSERT INTO HOTEL VALUES
    ('PL100','Rumah Sakit Bunda Mulia','1','Jl. Medan Merdeka Selatan No.2','Jakabaring','Jakabaring','Palembang','Sumatera Selatan'),
    ('BN571','Rumah Sakit Gunadarma','1','Jl. Margonda Blok H5 No. 9','Citarum','Bandung Wetan','Bandung','Jawa Barat'),
    ('JK092','Trisakti Hospital','0','Jl. Perjuangan No. 98S','Grogol','Grogol','Jakarta Barat','DKI Jakarta'),
    ('MK677','Rumah Sakit Pelita Harapan','0','Jl. Kenangan Manis No. 18','Barana','Makassar','Makassar','Sulawesi Selatan'),
    ('TS888','Insan Cendekia Hospital','1','Jl. Sama Kamu No.1','Ciater','Serpong','Tangerang Selatan','Banten');

INSERT INTO HOTEL_ROOM VALUES
    ('JK092','GD700','King Bed','Deluxe',600000),
    ('JK092','GD701','King Bed','Deluxe',600000),
    ('PL100','DA450','King Bed','Suite',800000),
    ('PL100','DB450','Single Bed','Premium',500000),
    ('MK677','R0101','Single Bed','Premium',450000),
    ('MK677','R0102','Single Bed','Premium',450000),
    ('TS888','IC020','King Bed','Suite',900000),
    ('TS888','IC022','King Bed','Suite',900000),
    ('BN571','A932','Single Bed','Deluxe',650000),
    ('BN571','A933','Single Bed','Deluxe',650000);

INSERT INTO PAKET_MAKAN VALUES
    ('JK092','FA090','Nasi Omelette',20000),
    ('JK092','FS022','Bubur Ayam',15000),
    ('TS888','NGPS1','Nasi Goreng Spesial',23000),
    ('MK677','MM071','Nasi Ayam Goreng',25000),
    ('PL100','NI890','Nasi Indomie Kornet',19000),
    ('BN571','AP456','Ayam Penyet Balado',30000),
    ('BN571','LS123','Lontong Sayur',20000);

INSERT INTO RESERVASI_HOTEL VALUES
    (5110230805770051,'2020-05-11 00:00:00','2020-09-23 00:00:00','BN571','A933'),
    (3688115074487853,'2020-09-28 00:00:00','2021-04-07 00:00:00','TS888','IC022'),
    (1102010909981105,'2020-07-18 00:00:00','2021-01-01 00:00:00','MK677','R0101'),
    (3284343615071287,'2020-10-10 00:00:00','2020-12-21 00:00:00','JK092','GD700'),
    (3210080812740211,'2020-11-28 00:00:00','2021-06-30 00:00:00','PL100','DB450');

-- TRANSAKSI_HOTEL & TRANSAKSI_BOOKING AUTO KEBUAT

INSERT INTO TRANSAKSI_MAKAN VALUES
    ('ABC9082900','AIL0010001',20000),
    ('DEF1234567','UIU7870909',19000),
    ('RE01PY8000','FOO1010BAR',25000),
    ('HUJ2810400','YUI1291009',23000),
    ('XY99AJE708','TGS5700800',20000);

-- Atribut Id_Pesanan auto-increment, dikosongin dulu
INSERT INTO DAFTAR_PESAN (IdTransaksiMakan, Id_Transaksi, KodeHotel, KodePaket)
VALUES
    ('AIL0010001','ABC9082900','BN571','LS123'),
    ('UIU7870909','DEF1234567','PL100','NI890'),
    ('FOO1010BAR','RE01PY8000','MK677','MM071'),
    ('YUI1291009','HUJ2810400','TS888','NGPS1'),
    ('TGS5700800','XY99AJE708','JK092','FA090');

-- Ageng --
INSERT INTO rumah VALUES
    ('r1','Rumah Pondok Indah','1','Dulu Aja ','Pondok Pinang ','Kebayoran Lama','Jakarta Selatan','DKI Jakarta'),
    ('r2','Home Sweet Home','1','Mundur','Kemiri Muka','Beji','Depok','Jawa Barat '),
    ('r3','Rumah Joglo','0','Maju','Pengasinan','Sawangan','Depok','Jawa Barat '),
    ('r4','Rumah Gadang','0','Tersesat','Gambir','Gambir ','Jakrata Pusat','DKI Jakarta'),
    ('r5','Rumah Selaso Jatuh Kembar','1','Yang Lurus','Ancol','Pademangan','Jakarta Utara','DKI Jakarta'),
    ('r6','Rumah Panggung','0','Ga Benar','Cibogor','Bogor Tengah ','Bogor','Jawa Barat ');

INSERT INTO kamar_rumah VALUES
    ('r1','k1','Triple Single Bed',0),
    ('r1','k2','Queen Bed',0),
    ('r1','k3','Twin Single Bed',0),
    ('r2','k1','Twin Single Bed',0),
    ('r2','k2','Twin Single Bed',0),
    ('r3','k1','Triple Single Bed',215000),
    ('r3','k2','Queen Bed',410000),
    ('r4','k1','Twin Single Bed',280000),
    ('r5','k1','Triple Single Bed',0),
    ('r6','k1','Queen Bed',390000);

INSERT INTO reservasi_rumah VALUES
    ('3111202104661111','2020-06-15 00:00:00','2020-06-29 00:00:00','r1','k1'),
    ('3110200709772121','2020-09-01 00:00:00','2020-10-11 00:00:00','r1','k2'),
    ('3101010909870002','2020-11-10 00:00:00','2020-11-25 00:00:00','r2','k1'),
    ('3101013009870009','2020-07-13 00:00:00','2020-07-31 00:00:00','r3','k1'),
    ('5110230805770051','2020-08-17 00:00:00','2020-08-27 00:00:00','r3','k2'),
    ('1655287447352341','2020-09-08 00:00:00','2020-09-22 00:00:00','r4','k1'),
    ('7372576607771001','2020-12-31 00:00:00','2021-01-14 00:00:00','r5','k1'),
    ('3390304559381002','2020-03-01 00:00:00','2020-03-10 00:00:00','r3','k1'),
    ('3132641005262222','2020-10-16 00:00:00','2020-10-30 00:00:00','r4','k1'),
    ('3191645197734435','2020-10-18 00:00:00','2020-10-27 00:00:00','r6','k1'),
    ('3688115074487853','2021-01-15 00:00:00','2021-01-28 00:00:00','r6','k1');

INSERT INTO transaksi_rumah VALUES
    ('tr1','3101013009870009','2020-08-01 00:00:00','2020-08-01 19:10:25',3870000,'dibayar','2020-07-13 00:00:00'),
    ('tr2','5110230805770051','2020-08-27 00:00:00','2020-08-27 17:20:14',4100000,'dibayar','2020-08-17 00:00:00'),
    ('tr3','1655287447352341','2020-09-25 00:00:00','2020-09-25 21:43:59',3920000,'dibayar','2020-09-08 00:00:00'),
    ('tr4','3390304559381002',NULL,NULL,1935000,'belum bayar','2020-03-01 00:00:00'),
    ('tr5','3132641005262222',NULL,NULL,3920000,'belum bayar','2020-10-16 00:00:00'),
    ('tr6','3191645197734435','2020-10-30 00:00:00','2020-10-30 23:54:59',3510000,'dibayar','2020-10-18 00:00:00'),
    ('tr7','3688115074487853',NULL,NULL,5070000,'belum bayar','2021-01-15 00:00:00');

INSERT INTO gedung VALUES
    ('g1','Gama Tower','1','Rasuna Said','Karet Kuningan','Setiabudi','Jakarta Selatan','DKI Jakarta'),
    ('g2','Wisma 46','0','Jendral Sudirman','Karet Tengsin','Tanah Abang','Jakarta Pusat ','DKI Jakarta'),
    ('g3','Sahid Sudirman','0','Jendral Sudirman','Karet Tengsin','Tanah Abang','Jakarta Pusat ','DKI Jakarta'),
    ('g4','Pakubuwono Signature','1','Pakubuwono','Gunung','Kebayoran Baru','Jakarta Selatan','DKI Jakarta'),
    ('g5','World Capital Tower','1','Mega Kuningan Barat','Kuningan ','Setiabudi','Jakarta Selatan','DKI Jakarta');

INSERT INTO ruangan_gedung VALUES
    ('g1','ru1','Flamboyan'),
    ('g1','ru2','Asoka '),
    ('g2','ru1','Kamboja'),
    ('g2','ru2','Alamanda'),
    ('g2','ru3','Lily'),
    ('g3','ru1','Amarilis'),
    ('g3','ru2','Kenanga'),
    ('g4','ru1','Lavender'),
    ('g5','ru1','Bougenville'),
    ('g5','ru2','Jakaranda');

INSERT INTO tempat_tidur_gedung VALUES
    ('g1','ru1','t1'),
    ('g1','ru2','t1'),
    ('g1','ru1','t2'),
    ('g2','ru1','t1'),
    ('g2','ru2','t1'),
    ('g2','ru2','t2'),
    ('g2','ru3','t1'),
    ('g3','ru1','t1'),
    ('g3','ru1','t2'),
    ('g3','ru2','t1'),
    ('g4','ru1','t1'),
    ('g4','ru1','t2'),
    ('g5','ru1','t1'),
    ('g5','ru1','t2'),
    ('g5','ru2','t1');

INSERT INTO reservasi_gedung VALUES
    ('5103040804030015','2020-01-08 00:00:00','2020-01-18 00:00:00','g1','ru1','t1'),
    ('3101010909000003','2020-01-25 00:00:00','2020-02-10 00:00:00','g1','ru2','t1'),
    ('3210080812740211','2020-03-03 00:00:00','2020-03-15 00:00:00','g2','ru2','t1'),
    ('3101220900871001','2020-04-28 00:00:00','2020-05-10 00:00:00','g2','ru2','t2'),
    ('1102010909981105','2020-05-15 00:00:00','2020-05-29 00:00:00','g2','ru3','t1'),
    ('3291126228711002','2020-06-08 00:00:00','2020-06-28 00:00:00','g3','ru1','t2'),
    ('3224154119263456','2020-07-09 00:00:00','2020-07-25 00:00:00','g3','ru2','t1'),
    ('3284343615071287','2020-11-25 00:00:00','2020-12-12 00:00:00','g4','ru1','t1'),
    ('3217043568559759','2020-12-14 00:00:00','2020-12-31 00:00:00','g4','ru1','t2'),
    ('3235694879182454','2021-02-08 00:00:00','2021-02-19 00:00:00','g5','ru1','t2');